model_id,family,description,term,estimate,std_error_hc3,statistic,p_value,conf_low_95,conf_high_95
H1_M1,H1,Female Protagonist only,(Intercept),7.61643130846148,0.0128943353314211,590.680412188573,0,7.59115887560732,7.64170374131565
H1_M1,H1,Female Protagonist only,tag_female_protagonist,1.23558641797891,0.0378786749816254,32.619578656811,0.000000000000000000000000000000000000000000000000000000000000000000000000000000000000000000000000000000000000000000000000000000000000000000000000000000000000000000000000000000000000000000000000000000000000000000000000000000000000000730142637842595,1.16134557923283,1.30982725672499
H1_M2,H1,Add Free to Play and Early Access,(Intercept),7.53847260975989,0.013731734941396,548.981803241355,0,7.5115589038295,7.56538631569027
H1_M2,H1,Add Free to Play and Early Access,tag_female_protagonist,1.26907882938618,0.0379940464042875,33.4020445172424,0.00000000000000000000000000000000000000000000000000000000000000000000000000000000000000000000000000000000000000000000000000000000000000000000000000000000000000000000000000000000000000000000000000000000000000000000000000000000000000000000000000611693039090848,1.19461186680684,1.34354579196553
H1_M2,H1,Add Free to Play and Early Access,is_free,1.82128608456621,0.0868676172394403,20.9662258784658,0.000000000000000000000000000000000000000000000000000000000000000000000000000000000000000000000000244418647941716,1.6510286833541,1.99154348577833
H1_M2,H1,Add Free to Play and Early Access,is_early_access,0.201392752566644,0.0378909190729585,5.31506644583798,0.000000106903596433057,0.127127915842524,0.275657589290765
H1_M3,H1,"Main H1: game characteristics, genre flags and release-period effects",(Intercept),12.1104720427323,0.138792923998168,87.2556877819807,0,11.8384429103869,12.3825011750778
H1_M3,H1,"Main H1: game characteristics, genre flags and release-period effects",tag_female_protagonist,1.21262673428689,0.0357652093835271,33.9052043924398,0.00000000000000000000000000000000000000000000000000000000000000000000000000000000000000000000000000000000000000000000000000000000000000000000000000000000000000000000000000000000000000000000000000000000000000000000000000000000000000000000000000000000033916491952555,1.14252821199565,1.28272525657814
H1_M3,H1,"Main H1: game characteristics, genre flags and release-period effects",is_free,1.70102726039524,0.0829575516710648,20.5047910181823,0.000000000000000000000000000000000000000000000000000000000000000000000000000000000000000000003396391411751,1.53843344687433,1.86362107391615
H1_M3,H1,"Main H1: game characteristics, genre flags and release-period effects",is_early_access,0.183095581731952,0.0368593536816322,4.96741161859255,0.000000679922997130225,0.110852576022529,0.255338587441375
H1_M3,H1,"Main H1: game characteristics, genre flags and release-period effects",genre_Action,-0.164901123271027,0.0259334585095126,-6.35862444689124,0.000000000204664296323248,-0.215729767944235,-0.114072478597818
H1_M3,H1,"Main H1: game characteristics, genre flags and release-period effects",genre_Adventure,0.244947233607202,0.025724294253247,9.52201958179218,0.00000000000000000000174370551751841,0.194528543343127,0.295365923871277
H1_M3,H1,"Main H1: game characteristics, genre flags and release-period effects",genre_Simulation,0.926735673214007,0.0300460890745888,30.8438036948304,0.0000000000000000000000000000000000000000000000000000000000000000000000000000000000000000000000000000000000000000000000000000000000000000000000000000000000000000000000000000000000000000000000000000000000000011358781936631,0.86784642075153,0.985624925676483
H1_M3,H1,"Main H1: game characteristics, genre flags and release-period effects",genre_Sports,0.0267407020230881,0.0569969932573697,0.469159871334626,0.638956647872268,-0.0849713519884288,0.138452756034605
H1_M3,H1,"Main H1: game characteristics, genre flags and release-period effects",genre_Racing,-0.33794122929345,0.062701121369225,-5.38971587610741,0.0000000707685727349246,-0.460833168967405,-0.215049289619494
H1_M3,H1,"Main H1: game characteristics, genre flags and release-period effects",genre_RPG,0.787555989419813,0.0313844086465431,25.0938610406655,0.00000000000000000000000000000000000000000000000000000000000000000000000000000000000000000000000000000000000000000000000000000000000000000200401042710078,0.726043678796501,0.849068300043125
H1_M3,H1,"Main H1: game characteristics, genre flags and release-period effects",genre_Strategy,0.041255116076277,0.0310133091040601,1.33023908986468,0.183443309151417,-0.0195298528090889,0.102040084961643
H1_M3,H1,"Main H1: game characteristics, genre flags and release-period effects",genre_Other,-0.966536901103083,0.037802919927522,-25.5677842599509,0.0000000000000000000000000000000000000000000000000000000000000000000000000000000000000000000000000000000000000000000000000000000000000000000000132372272447319,-1.04062926267148,-0.892444539534688
H1_M3,H1,"Main H1: game characteristics, genre flags and release-period effects",factor(release_period)2009,-0.72393720891953,0.209592483922106,-3.45402275583784,0.000552577278463444,-1.13473092883715,-0.313143489001913
H1_M3,H1,"Main H1: game characteristics, genre flags and release-period effects",factor(release_period)2010,-0.539499715446132,0.21710988580197,-2.48491547703277,0.0129602523458484,-0.965027272305597,-0.113972158586668
H1_M3,H1,"Main H1: game characteristics, genre flags and release-period effects",factor(release_period)2011,-0.0904408752790431,0.214633792577773,-0.421372954336962,0.673483899810093,-0.511115378596719,0.330233628038633
H1_M3,H1,"Main H1: game characteristics, genre flags and release-period effects",factor(release_period)2012,0.22940999057206,0.193791821291421,1.18379603970529,0.236497335532394,-0.150414999657548,0.609234980801668
H1_M3,H1,"Main H1: game characteristics, genre flags and release-period effects",factor(release_period)2013,0.273109168884877,0.18057389911616,1.51245097005514,0.130423135628278,-0.0808091699307668,0.62702750770052
H1_M3,H1,"Main H1: game characteristics, genre flags and release-period effects",factor(release_period)2014,-1.39921066593508,0.150873717142233,-9.27405178607748,0.0000000000000000000183501456191675,-1.69491771774754,-1.10350361412262
H1_M3,H1,"Main H1: game characteristics, genre flags and release-period effects",factor(release_period)2015,-2.33845570249437,0.14735575367705,-15.8694563608247,0.0000000000000000000000000000000000000000000000000000000125937747472453,-2.62726767261615,-2.0496437323726
H1_M3,H1,"Main H1: game characteristics, genre flags and release-period effects",factor(release_period)2016,-2.90999092120465,0.144126549807756,-20.190526485829,0.00000000000000000000000000000000000000000000000000000000000000000000000000000000000000000199730502223138,-3.19247376804387,-2.62750807436543
H1_M3,H1,"Main H1: game characteristics, genre flags and release-period effects",factor(release_period)2017,-3.97791254787429,0.14352191711126,-27.7164117365474,0.00000000000000000000000000000000000000000000000000000000000000000000000000000000000000000000000000000000000000000000000000000000000000000000000000000000000000000000000279190642071013,-4.2592103364045,-3.69661475934408
H1_M3,H1,"Main H1: game characteristics, genre flags and release-period effects",factor(release_period)2018,-4.70340044152009,0.142965413577317,-32.8988692008116,0.0000000000000000000000000000000000000000000000000000000000000000000000000000000000000000000000000000000000000000000000000000000000000000000000000000000000000000000000000000000000000000000000000000000000000000000000000000000000000000000871440880956555,-4.98360750316651,-4.42319337987368
H1_M3,H1,"Main H1: game characteristics, genre flags and release-period effects",factor(release_period)2019,-5.07174504534535,0.144127549826837,-35.1892823505211,0.0000000000000000000000000000000000000000000000000000000000000000000000000000000000000000000000000000000000000000000000000000000000000000000000000000000000000000000000000000000000000000000000000000000000000000000000000000000000000000000000000000000000000000000000000000340846062151398,-5.35422985218595,-4.78926023850475
H1_M3,H1,"Main H1: game characteristics, genre flags and release-period effects",factor(release_period)2020,-4.98864035412867,0.142748664026597,-34.9470195615924,0.000000000000000000000000000000000000000000000000000000000000000000000000000000000000000000000000000000000000000000000000000000000000000000000000000000000000000000000000000000000000000000000000000000000000000000000000000000000000000000000000000000000000000000000000147626668300254,-5.26842259446201,-4.70885811379534
H1_M3,H1,"Main H1: game characteristics, genre flags and release-period effects",factor(release_period)2021,-5.30392209901564,0.141620725910917,-37.4515952019052,0.000000000000000000000000000000000000000000000000000000000000000000000000000000000000000000000000000000000000000000000000000000000000000000000000000000000000000000000000000000000000000000000000000000000000000000000000000000000000000000000000000000000000000000000000000000000000000000000000000000000000000252050957302197,-5.58149362126545,-5.02635057676582
H1_M3,H1,"Main H1: game characteristics, genre flags and release-period effects",factor(release_period)2022,-5.37034513954278,0.141373727979605,-37.9868679725099,0.0000000000000000000000000000000000000000000000000000000000000000000000000000000000000000000000000000000000000000000000000000000000000000000000000000000000000000000000000000000000000000000000000000000000000000000000000000000000000000000000000000000000000000000000000000000000000000000000000000000000000000000111256709616874,-5.64743255474297,-5.09325772434259
H1_M3,H1,"Main H1: game characteristics, genre flags and release-period effects",factor(release_period)2023,-5.52230390635678,0.141172732520205,-39.1173550853131,0,-5.79899737769549,-5.24561043501807
H1_M3,H1,"Main H1: game characteristics, genre flags and release-period effects",factor(release_period)2024,-5.66835262125533,0.140440837580426,-40.3611422354931,0,-5.94361160487161,-5.39309363763906
H1_M3,H1,"Main H1: game characteristics, genre flags and release-period effects",factor(release_period)2025,-4.45926214236287,0.144508431255298,-30.8581451173936,0.00000000000000000000000000000000000000000000000000000000000000000000000000000000000000000000000000000000000000000000000000000000000000000000000000000000000000000000000000000000000000000000000000000000000000073323744594203,-4.74249346308564,-4.17603082164011
H1_M3,H1,"Main H1: game characteristics, genre flags and release-period effects",factor(release_period)2026,-5.26061594499687,0.24759986458101,-21.2464411234591,0.000000000000000000000000000000000000000000000000000000000000000000000000000000000000000000000000000673503962581946,-5.74590276215264,-4.77532912784109
H1_M4,H1,Price sensitivity: main H1 plus current price,(Intercept),11.4805436621019,0.261342301148392,43.9291443124745,0,10.9683221642142,11.9927651599896
H1_M4,H1,Price sensitivity: main H1 plus current price,tag_female_protagonist,1.07783568328387,0.0588113925185729,18.3269879716499,0.00000000000000000000000000000000000000000000000000000000000000000000000000718474670902384,0.962567472066817,1.19310389450092
H1_M4,H1,Price sensitivity: main H1 plus current price,is_free,2.07974679297994,0.232720149639066,8.93668552639508,0.000000000000000000409307200616588,1.6236236812106,2.53586990474928
H1_M4,H1,Price sensitivity: main H1 plus current price,is_early_access,0.0922468720897979,0.0508763080601134,1.81315971239113,0.0698109458754922,-0.00746885937438918,0.191962603553985
H1_M4,H1,Price sensitivity: main H1 plus current price,genre_Action,-0.150304687127012,0.0252644586210703,-5.94925422235882,0.00000000270484867589725,-0.199822116113213,-0.100787258140812
H1_M4,H1,Price sensitivity: main H1 plus current price,genre_Adventure,0.229970939213951,0.0250729038763541,9.17209033098208,0.0000000000000000000474573754277144,0.180828950628462,0.27911292779944
H1_M4,H1,Price sensitivity: main H1 plus current price,genre_Simulation,0.843284045094124,0.0409008188760002,20.6177790144184,0.000000000000000000000000000000000000000000000000000000000000000000000000000000000000000000000334988630692995,0.763119913158968,0.923448177029281
H1_M4,H1,Price sensitivity: main H1 plus current price,genre_Sports,-0.0563267415016708,0.0618759314893216,-0.910317471525928,0.362657855900572,-0.177601338730609,0.0649478557272673
H1_M4,H1,Price sensitivity: main H1 plus current price,genre_Racing,-0.32105644874782,0.0597544762893856,-5.37292716269444,0.0000000776849024103095,-0.438173070190069,-0.203939827305572
H1_M4,H1,Price sensitivity: main H1 plus current price,genre_RPG,0.702419091938437,0.0439806026938167,15.9711111016037,0.00000000000000000000000000000000000000000000000000000000249338139786789,0.616218694640191,0.788619489236683
H1_M4,H1,Price sensitivity: main H1 plus current price,genre_Strategy,0.0308688166541328,0.0301674959684577,1.0232475604342,0.306193911943504,-0.0282583889478015,0.0899960222560671
H1_M4,H1,Price sensitivity: main H1 plus current price,genre_Other,-0.814785064670454,0.0785845422094778,-10.3682612605738,0.000000000000000000000000358731135613969,-0.968807937142598,-0.66076219219831
H1_M4,H1,Price sensitivity: main H1 plus current price,factor(release_period)2009,-0.706093065664737,0.201891734835479,-3.49738470591742,0.000470099090771397,-1.10179359471859,-0.310392536610889
H1_M4,H1,Price sensitivity: main H1 plus current price,factor(release_period)2010,-0.536794202150939,0.204322083373525,-2.62719620555951,0.00861081298604543,-0.937258126809239,-0.136330277492639
H1_M4,H1,Price sensitivity: main H1 plus current price,factor(release_period)2011,-0.0846500306824308,0.204579481263818,-0.413775761672156,0.679039448298154,-0.485618445935401,0.316318384570539
H1_M4,H1,Price sensitivity: main H1 plus current price,factor(release_period)2012,0.200566246398382,0.18421440109132,1.08876529310516,0.27626068751734,-0.160487345174221,0.561619837970985
H1_M4,H1,Price sensitivity: main H1 plus current price,factor(release_period)2013,0.236749957143365,0.173177322752547,1.36709560686335,0.1715991899792,-0.102671358390697,0.576171272677426
H1_M4,H1,Price sensitivity: main H1 plus current price,factor(release_period)2014,-1.31844128310422,0.147135803307795,-8.9607101294452,0.000000000000000000329334425879271,-1.60682215842386,-1.03006040778457
H1_M4,H1,Price sensitivity: main H1 plus current price,factor(release_period)2015,-2.20382523198374,0.14901968619292,-14.7888194391356,0.000000000000000000000000000000000000000000000000201134355633365,-2.49589844990933,-1.91175201405816
H1_M4,H1,Price sensitivity: main H1 plus current price,factor(release_period)2016,-2.76825479991754,0.147110654532959,-18.8175003959168,0.000000000000000000000000000000000000000000000000000000000000000000000000000000804813189415046,-3.05658638454425,-2.47992321529083
H1_M4,H1,Price sensitivity: main H1 plus current price,factor(release_period)2017,-3.83651129116621,0.146714791763805,-26.1494512246766,0.00000000000000000000000000000000000000000000000000000000000000000000000000000000000000000000000000000000000000000000000000000000000000000000000000000430675494678039,-4.12406699902256,-3.54895558330986
H1_M4,H1,Price sensitivity: main H1 plus current price,factor(release_period)2018,-4.55520816109782,0.14728015762794,-30.9288653302858,0.000000000000000000000000000000000000000000000000000000000000000000000000000000000000000000000000000000000000000000000000000000000000000000000000000000000000000000000000000000000000000000000000000000000000000084459044545628,-4.84387196568597,-4.26654435650968
H1_M4,H1,Price sensitivity: main H1 plus current price,factor(release_period)2019,-4.94467814030241,0.146876876783321,-33.6654635405749,0.00000000000000000000000000000000000000000000000000000000000000000000000000000000000000000000000000000000000000000000000000000000000000000000000000000000000000000000000000000000000000000000000000000000000000000000000000000000000000000000000000000100354617966154,-5.23255152895945,-4.65680475164537
H1_M4,H1,Price sensitivity: main H1 plus current price,factor(release_period)2020,-4.85199763578932,0.145549137296497,-33.3358048416691,0.0000000000000000000000000000000000000000000000000000000000000000000000000000000000000000000000000000000000000000000000000000000000000000000000000000000000000000000000000000000000000000000000000000000000000000000000000000000000000000000000000543866789705453,-5.13726870287133,-4.56672656870731
H1_M4,H1,Price sensitivity: main H1 plus current price,factor(release_period)2021,-5.16062967125329,0.145188783860161,-35.5442723194359,0.000000000000000000000000000000000000000000000000000000000000000000000000000000000000000000000000000000000000000000000000000000000000000000000000000000000000000000000000000000000000000000000000000000000000000000000000000000000000000000000000000000000000000000000000000000000144517948042392,-5.44519445857837,-4.8760648839282
H1_M4,H1,Price sensitivity: main H1 plus current price,factor(release_period)2022,-5.26174984498397,0.141298501885938,-37.2385395085894,0.000000000000000000000000000000000000000000000000000000000000000000000000000000000000000000000000000000000000000000000000000000000000000000000000000000000000000000000000000000000000000000000000000000000000000000000000000000000000000000000000000000000000000000000000000000000000000000000000000000000000631120242943217,-5.53868981974987,-4.98480987021807
H1_M4,H1,Price sensitivity: main H1 plus current price,factor(release_period)2023,-5.41550645774574,0.141211504015325,-38.3503206449669,0.000000000000000000000000000000000000000000000000000000000000000000000000000000000000000000000000000000000000000000000000000000000000000000000000000000000000000000000000000000000000000000000000000000000000000000000000000000000000000000000000000000000000000000000000000000000000000000000000000000000000000000011125369292898,-5.69227591981851,-5.13873699567297
H1_M4,H1,Price sensitivity: main H1 plus current price,factor(release_period)2024,-5.57676448708462,0.13889863344124,-40.1498873597186,0,-5.84900080613128,-5.30452816803796
H1_M4,H1,Price sensitivity: main H1 plus current price,factor(release_period)2025,-4.53602183037657,0.138721118919605,-32.6988555578579,0.0000000000000000000000000000000000000000000000000000000000000000000000000000000000000000000000000000000000000000000000000000000000000000000000000000000000000000000000000000000000000000000000000000000000000000000000000000000000000000567604656630546,-4.80791022735409,-4.26413343339905
H1_M4,H1,Price sensitivity: main H1 plus current price,factor(release_period)2026,-5.26608215499097,0.232359891733977,-22.6634730963809,0.000000000000000000000000000000000000000000000000000000000000000000000000000000000000000000000000000000000000000023468755357746,-5.72149917424119,-4.81066513574075
H1_M4,H1,Price sensitivity: main H1 plus current price,price_current,0.0668357600443445,0.023512570529986,2.84255436720999,0.00447649479027421,0.0207519686216141,0.112919551467075
H1_M5,H1,Paid-only robustness; is_free omitted because it is constant,(Intercept),12.1367070919758,0.13561243887624,89.4955300011365,0,11.8709115959227,12.4025025880289
H1_M5,H1,Paid-only robustness; is_free omitted because it is constant,tag_female_protagonist,1.23030650182932,0.0359347181491198,34.2372659421973,0.00000000000000000000000000000000000000000000000000000000000000000000000000000000000000000000000000000000000000000000000000000000000000000000000000000000000000000000000000000000000000000000000000000000000000000000000000000000000000000000000000000000000000542386022581477,1.15987574846244,1.30073725519619
H1_M5,H1,Paid-only robustness; is_free omitted because it is constant,is_early_access,0.203313354002376,0.0374049560295981,5.43546565972425,0.0000000548175460007891,0.130000987341059,0.276625720663693
H1_M5,H1,Paid-only robustness; is_free omitted because it is constant,genre_Action,-0.179862489396324,0.026154342969408,-6.8769645487445,0.00000000000616015258093145,-0.231124059655672,-0.128600919136976
H1_M5,H1,Paid-only robustness; is_free omitted because it is constant,genre_Adventure,0.266605218751997,0.025937896813343,10.2785981712615,0.000000000000000000000000912764045209221,0.215767875163128,0.317442562340865
H1_M5,H1,Paid-only robustness; is_free omitted because it is constant,genre_Simulation,0.954532167716802,0.0304242096550652,31.3740990658039,0.000000000000000000000000000000000000000000000000000000000000000000000000000000000000000000000000000000000000000000000000000000000000000000000000000000000000000000000000000000000000000000000000000000000000000000000101277156225615,0.894901812534779,1.01416252289883
H1_M5,H1,Paid-only robustness; is_free omitted because it is constant,genre_Sports,0.00991271432907561,0.0576662760497885,0.171897944658626,0.863518210367587,-0.103111109851055,0.122936538509206
H1_M5,H1,Paid-only robustness; is_free omitted because it is constant,genre_Racing,-0.323677965923805,0.0633577198399416,-5.10873760516479,0.00000032508398330664,-0.447856814952669,-0.19949911689494
H1_M5,H1,Paid-only robustness; is_free omitted because it is constant,genre_RPG,0.771528797800642,0.0318195848465222,24.2469787560716,0.00000000000000000000000000000000000000000000000000000000000000000000000000000000000000000000000000000000000000000000000000000000216105355575971,0.709163557498442,0.833894038102842
H1_M5,H1,Paid-only robustness; is_free omitted because it is constant,genre_Strategy,0.0373564220081933,0.0314074776419225,1.18941172016724,0.234281327579687,-0.0242011030152218,0.0989139470316084
H1_M5,H1,Paid-only robustness; is_free omitted because it is constant,genre_Other,-0.961441988711078,0.0381547003002149,-25.1985202647671,0.000000000000000000000000000000000000000000000000000000000000000000000000000000000000000000000000000000000000000000000000000000000000000000151805326699778,-1.03622382714042,-0.886660150281737
H1_M5,H1,Paid-only robustness; is_free omitted because it is constant,factor(release_period)2009,-0.753897456590416,0.208789774742884,-3.61079682910148,0.000305449831733979,-1.1631178954267,-0.344677017754133
H1_M5,H1,Paid-only robustness; is_free omitted because it is constant,factor(release_period)2010,-0.584056946569557,0.215855234253466,-2.70578079141567,0.00681588845952526,-1.00712543158081,-0.160988461558307
H1_M5,H1,Paid-only robustness; is_free omitted because it is constant,factor(release_period)2011,-0.101343686039525,0.212816143602299,-0.476203000036083,0.633931102081958,-0.518455662828734,0.315768290749685
H1_M5,H1,Paid-only robustness; is_free omitted because it is constant,factor(release_period)2012,0.111859556804538,0.190391392627799,0.587524232375435,0.556853388826708,-0.261300715712374,0.485019829321449
H1_M5,H1,Paid-only robustness; is_free omitted because it is constant,factor(release_period)2013,0.249522396644366,0.176056841279926,1.41728316167863,0.156404167960029,-0.095542671496174,0.594587464784906
H1_M5,H1,Paid-only robustness; is_free omitted because it is constant,factor(release_period)2014,-1.41439609795834,0.147920353549773,-9.56187613141695,0.00000000000000000000118862293244781,-1.70431466349632,-1.12447753242035
H1_M5,H1,Paid-only robustness; is_free omitted because it is constant,factor(release_period)2015,-2.37393591147419,0.144334244976505,-16.4474890339477,0.00000000000000000000000000000000000000000000000000000000000110772123507764,-2.65682583336392,-2.09104598958446
H1_M5,H1,Paid-only robustness; is_free omitted because it is constant,factor(release_period)2016,-2.93382020964743,0.141034391896996,-20.8021615875802,0.00000000000000000000000000000000000000000000000000000000000000000000000000000000000000000000000756412789031038,-3.21024253834705,-2.65739788094781
H1_M5,H1,Paid-only robustness; is_free omitted because it is constant,factor(release_period)2017,-4.03353921729006,0.140424892175061,-28.7238192233158,0.0000000000000000000000000000000000000000000000000000000000000000000000000000000000000000000000000000000000000000000000000000000000000000000000000000000000000000000000000000000000017039578514251,-4.3087669484861,-3.75831148609402
H1_M5,H1,Paid-only robustness; is_free omitted because it is constant,factor(release_period)2018,-4.75004446422739,0.139905438718395,-33.9518213712076,0.0000000000000000000000000000000000000000000000000000000000000000000000000000000000000000000000000000000000000000000000000000000000000000000000000000000000000000000000000000000000000000000000000000000000000000000000000000000000000000000000000000000000798268846656117,-5.02425408535672,-4.47583484309806
H1_M5,H1,Paid-only robustness; is_free omitted because it is constant,factor(release_period)2019,-5.12428336866368,0.141126828187614,-36.3097749341569,0.000000000000000000000000000000000000000000000000000000000000000000000000000000000000000000000000000000000000000000000000000000000000000000000000000000000000000000000000000000000000000000000000000000000000000000000000000000000000000000000000000000000000000000000000000000000000000000000289286939547847,-5.40088686916377,-4.84767986816358
H1_M5,H1,Paid-only robustness; is_free omitted because it is constant,factor(release_period)2020,-5.039260198115,0.139618092886703,-36.0931745587175,0.000000000000000000000000000000000000000000000000000000000000000000000000000000000000000000000000000000000000000000000000000000000000000000000000000000000000000000000000000000000000000000000000000000000000000000000000000000000000000000000000000000000000000000000000000000000000000000649797146932973,-5.3129066317631,-4.76561376446689
H1_M5,H1,Paid-only robustness; is_free omitted because it is constant,factor(release_period)2021,-5.36587069605951,0.138445337207106,-38.7580456251298,0,-5.63721857081295,-5.09452282130608
H1_M5,H1,Paid-only robustness; is_free omitted because it is constant,factor(release_period)2022,-5.41782666148554,0.138221577363303,-39.1966780066854,0,-5.68873597500393,-5.14691734796715
H1_M5,H1,Paid-only robustness; is_free omitted because it is constant,factor(release_period)2023,-5.54745218208383,0.138040102780654,-40.1872504463341,0,-5.81800581195612,-5.27689855221154
H1_M5,H1,Paid-only robustness; is_free omitted because it is constant,factor(release_period)2024,-5.67752051984808,0.137271831632081,-41.3596908582461,0,-5.94656836593881,-5.40847267375736
H1_M5,H1,Paid-only robustness; is_free omitted because it is constant,factor(release_period)2025,-4.47589084304401,0.141524597883176,-31.6262396077515,0.0000000000000000000000000000000000000000000000000000000000000000000000000000000000000000000000000000000000000000000000000000000000000000000000000000000000000000000000000000000000000000000000000000000000000000000000000394669003662151,-4.75327395782154,-4.19850772826647
H1_M5,H1,Paid-only robustness; is_free omitted because it is constant,factor(release_period)2026,-5.16599786467676,0.252019287698315,-20.4984226082761,0.00000000000000000000000000000000000000000000000000000000000000000000000000000000000000000000392852961982068,-5.6599465919749,-4.67204913737863
H2_M1,H2,Weighted GGGI: Female Protagonist only; common H2-main sample,(Intercept),74.6806353920191,0.0263294121569681,2836.39585064776,0,74.6290306924573,74.7322400915809
H2_M1,H2,Weighted GGGI: Female Protagonist only; common H2-main sample,tag_female_protagonist,-0.64973685128196,0.0723652698937705,-8.97857290155552,0.00000000000000000029480821482906,-0.791570174005271,-0.507903528558649
H2_M2,H2,Weighted GGGI: add Free to Play and Early Access,(Intercept),74.6108947253332,0.0302268582546273,2468.36419772178,0,74.5516511717883,74.670138278878
H2_M2,H2,Weighted GGGI: add Free to Play and Early Access,tag_female_protagonist,-0.609298257997959,0.0730168847860468,-8.34462138152452,0.0000000000000000754076271403062,-0.752408722441921,-0.466187793553997
H2_M2,H2,Weighted GGGI: add Free to Play and Early Access,is_free,0.261961769211242,0.0660485118862068,3.96620244317645,0.0000732476199672246,0.132509064681811,0.391414473740673
H2_M2,H2,Weighted GGGI: add Free to Play and Early Access,is_early_access,0.256067944066829,0.0781682873257122,3.27585460584346,0.0010549840742723,0.102860916175255,0.409274971958404
H2_M3,H2,"Main H2: game characteristics, genre flags and release-period effects",(Intercept),76.391631110355,0.139290426233509,548.43418299468,0,76.1186268915461,76.6646353291639
H2_M3,H2,"Main H2: game characteristics, genre flags and release-period effects",tag_female_protagonist,-0.466183678513394,0.073144564225848,-6.37345622941935,0.00000000018831870689993,-0.609544390060933,-0.322822966965856
H2_M3,H2,"Main H2: game characteristics, genre flags and release-period effects",is_free,0.418483451917432,0.0687970599501898,6.08286825367859,0.00000000119913890388417,0.283643692172817,0.553323211662047
H2_M3,H2,"Main H2: game characteristics, genre flags and release-period effects",is_early_access,0.385238590079742,0.0800600676758088,4.81186940335483,0.00000150472438923871,0.228323740835317,0.542153439324166
H2_M3,H2,"Main H2: game characteristics, genre flags and release-period effects",genre_Action,-0.115351081899363,0.0534877500283687,-2.15658878599649,0.0310480456808302,-0.220185145569047,-0.0105170182296793
H2_M3,H2,"Main H2: game characteristics, genre flags and release-period effects",genre_Adventure,0.0443438478878956,0.0544046985510711,0.8150738643698,0.415038467239815,-0.0622874018619622,0.150975097637753
H2_M3,H2,"Main H2: game characteristics, genre flags and release-period effects",genre_Simulation,0.315914457638038,0.0618763356276048,5.10557799575157,0.000000332412209614661,0.19463906831262,0.437189846963456
H2_M3,H2,"Main H2: game characteristics, genre flags and release-period effects",genre_Sports,0.450666394331619,0.124086775358718,3.6318648222488,0.000281991665801921,0.207460783670818,0.693872004992419
H2_M3,H2,"Main H2: game characteristics, genre flags and release-period effects",genre_Racing,0.0846629165464611,0.14423742322725,0.586969141933936,0.557230190580764,-0.19803723820181,0.367363071294733
H2_M3,H2,"Main H2: game characteristics, genre flags and release-period effects",genre_RPG,-0.65662489896498,0.0591294952634081,-11.1048622356722,0.00000000000000000000000000014043594963578,-0.772516580105292,-0.540733217824668
H2_M3,H2,"Main H2: game characteristics, genre flags and release-period effects",genre_Strategy,0.133161896190846,0.0634466669113457,2.09880049927466,0.0358453609417453,0.00880871410549899,0.257515078276192
H2_M3,H2,"Main H2: game characteristics, genre flags and release-period effects",genre_Other,0.0331326755326195,0.107261455446224,0.308896382160605,0.757403145683638,-0.177095914071327,0.243361265136566
H2_M3,H2,"Main H2: game characteristics, genre flags and release-period effects",factor(release_period)2009,0.0194684029048655,0.19568302929346,0.0994894803865149,0.920750506629523,-0.364063286896012,0.403000092705743
H2_M3,H2,"Main H2: game characteristics, genre flags and release-period effects",factor(release_period)2010,0.534886345832896,0.211181382637959,2.53282907399979,0.0113211984600898,0.120978441657125,0.948794250008667
H2_M3,H2,"Main H2: game characteristics, genre flags and release-period effects",factor(release_period)2011,0.450071571353136,0.210437148356196,2.13874581968448,0.0324667564647793,0.0376223395656797,0.862520803140593
H2_M3,H2,"Main H2: game characteristics, genre flags and release-period effects",factor(release_period)2012,0.543623833344003,0.181342547252483,2.99777322851386,0.00272250289349586,0.188198971864384,0.899048694823622
H2_M3,H2,"Main H2: game characteristics, genre flags and release-period effects",factor(release_period)2013,0.400864085570548,0.172762812547254,2.3203146537158,0.0203325626188886,0.062255195110086,0.739472976031009
H2_M3,H2,"Main H2: game characteristics, genre flags and release-period effects",factor(release_period)2014,-0.2750691994392,0.148252023235766,-1.85541615848139,0.0635496012898152,-0.565637825616497,0.0154994267380973
H2_M3,H2,"Main H2: game characteristics, genre flags and release-period effects",factor(release_period)2015,-1.19521156253623,0.147447210721907,-8.10603033237745,0.000000000000000548851041122156,-1.48420278517206,-0.906220339900404
H2_M3,H2,"Main H2: game characteristics, genre flags and release-period effects",factor(release_period)2016,-1.60492965347627,0.149611309779468,-10.7273284074712,0.00000000000000000000000000876533274670286,-1.8981624323239,-1.31169687462865
H2_M3,H2,"Main H2: game characteristics, genre flags and release-period effects",factor(release_period)2017,-2.09821951495123,0.152324951502958,-13.7746278219592,0.000000000000000000000000000000000000000000536703717467542,-2.39677093384384,-1.79966809605862
H2_M3,H2,"Main H2: game characteristics, genre flags and release-period effects",factor(release_period)2018,-2.17844703064251,0.158611180158879,-13.7345112019241,0.000000000000000000000000000000000000000000930382527447022,-2.48931923129931,-1.86757482998572
H2_M3,H2,"Main H2: game characteristics, genre flags and release-period effects",factor(release_period)2019,-2.06995189003065,0.168126234217937,-12.3118911195467,0.000000000000000000000000000000000100556595738753,-2.39947325395416,-1.74043052610715
H2_M3,H2,"Main H2: game characteristics, genre flags and release-period effects",factor(release_period)2020,-2.04048123563307,0.165533198816693,-12.3267190522467,0.0000000000000000000000000000000000837693742119086,-2.3649203435595,-1.71604212770665
H2_M3,H2,"Main H2: game characteristics, genre flags and release-period effects",factor(release_period)2021,-2.2821416962041,0.162781859005273,-14.019631610978,0.0000000000000000000000000000000000000000000180227485243722,-2.60118827719091,-1.96309511521728
H2_M3,H2,"Main H2: game characteristics, genre flags and release-period effects",factor(release_period)2022,-2.21170477151592,0.164687613180791,-13.4296971630037,0.0000000000000000000000000000000000000000577978681401995,-2.53448656205013,-1.8889229809817
H2_M3,H2,"Main H2: game characteristics, genre flags and release-period effects",factor(release_period)2023,-2.35142265299028,0.164759436721582,-14.2718541637395,0.000000000000000000000000000000000000000000000515313335614363,-2.67434521507769,-2.02850009090288
H2_M3,H2,"Main H2: game characteristics, genre flags and release-period effects",factor(release_period)2024,-2.05275848875865,0.146580486901752,-14.00430938761,0.000000000000000000000000000000000000000000022322300852476,-2.34005096392243,-1.76546601359487
H2_M3,H2,"Main H2: game characteristics, genre flags and release-period effects",factor(release_period)2025,-1.66415648920898,0.150803676687983,-11.0352514325773,0.000000000000000000000000000304119527568567,-1.95972626425365,-1.36858671416431
H2_M3,H2,"Main H2: game characteristics, genre flags and release-period effects",factor(release_period)2026,-1.71530351028115,0.356203524928354,-4.81551526090642,0.00000147753513235251,-2.41344959030694,-1.01715743025536
H2_M4,H2,Language extension with all nonconstant language indicators,(Intercept),75.7348120508904,0.14641705419925,517.254034819111,0,75.4478398979374,76.0217842038434
H2_M4,H2,Language extension with all nonconstant language indicators,tag_female_protagonist,-0.0237466543956434,0.0653283881451913,-0.363496713601242,0.716237209008019,-0.151787942328272,0.104294633536985
H2_M4,H2,Language extension with all nonconstant language indicators,is_free,0.284222366684024,0.0665406346409468,4.27141051806445,0.0000195020189173207,0.15380511927933,0.414639614088718
H2_M4,H2,Language extension with all nonconstant language indicators,is_early_access,0.30357596072856,0.0746940939669383,4.06425655103242,0.0000483458901115321,0.15717822669551,0.449973694761609
H2_M4,H2,Language extension with all nonconstant language indicators,genre_Action,-0.152364982832823,0.0498737596128527,-3.05501297707577,0.00225308397418149,-0.250115755447622,-0.054614210218023
H2_M4,H2,Language extension with all nonconstant language indicators,genre_Adventure,0.00537858825711629,0.049892795804242,0.107802903613972,0.914152980087433,-0.0924094946072091,0.103166671121442
H2_M4,H2,Language extension with all nonconstant language indicators,genre_Simulation,0.214038019856267,0.056861681200144,3.76418732859635,0.000167506988451938,0.102591172603587,0.325484867108948
H2_M4,H2,Language extension with all nonconstant language indicators,genre_Sports,0.202603642615747,0.118530912359578,1.70928948898262,0.0874108320914832,-0.0297126766636994,0.434919961895193
H2_M4,H2,Language extension with all nonconstant language indicators,genre_Racing,-0.0123774465386099,0.139889545379735,-0.088480139848985,0.929495839035445,-0.286555917296572,0.261801024219353
H2_M4,H2,Language extension with all nonconstant language indicators,genre_RPG,-0.282439466211517,0.0533500312906703,-5.29408248465094,0.000000120712998970997,-0.387003606115316,-0.177875326307719
H2_M4,H2,Language extension with all nonconstant language indicators,genre_Strategy,0.092186380358362,0.0582540692392223,1.58248825467961,0.11355190418057,-0.0219894973034163,0.20636225802014
H2_M4,H2,Language extension with all nonconstant language indicators,genre_Other,0.0634944425790117,0.0998463507929506,0.635921514154071,0.524833908087183,-0.132200808962924,0.259189694120947
H2_M4,H2,Language extension with all nonconstant language indicators,factor(release_period)2009,-0.0181386528127111,0.213495182270466,-0.0849604783574564,0.932293550396816,-0.436581520935638,0.400304215310216
H2_M4,H2,Language extension with all nonconstant language indicators,factor(release_period)2010,0.471608741174253,0.227554063002299,2.07251294462489,0.0382287459245054,0.0256109731539887,0.917606509194517
H2_M4,H2,Language extension with all nonconstant language indicators,factor(release_period)2011,0.384585317541771,0.22481303943965,1.71068955119488,0.0871519255436386,-0.056040143014926,0.825210778098468
H2_M4,H2,Language extension with all nonconstant language indicators,factor(release_period)2012,0.633135307021246,0.200842957672897,3.15238987892422,0.00162147884809527,0.239490343433865,1.02678027060863
H2_M4,H2,Language extension with all nonconstant language indicators,factor(release_period)2013,0.450355900205979,0.194382128816917,2.31685856589294,0.0205201783833561,0.0693739284865967,0.831337871925361
H2_M4,H2,Language extension with all nonconstant language indicators,factor(release_period)2014,-0.127524925306752,0.156859037011525,-0.812990617157637,0.416231854827716,-0.434962988498976,0.179913137885472
H2_M4,H2,Language extension with all nonconstant language indicators,factor(release_period)2015,-0.766904319488672,0.15497628023367,-4.94852707996572,0.000000753053891190344,-1.07065224720465,-0.463156391772692
H2_M4,H2,Language extension with all nonconstant language indicators,factor(release_period)2016,-0.952848198178495,0.15618999533892,-6.10057126969553,0.00000000107377735492292,-1.25897496378826,-0.646721432568732
H2_M4,H2,Language extension with all nonconstant language indicators,factor(release_period)2017,-1.2284838449456,0.158059178444815,-7.77230311477621,0.00000000000000802898771978421,-1.53827414212343,-0.918693547767774
H2_M4,H2,Language extension with all nonconstant language indicators,factor(release_period)2018,-1.12444287177809,0.164158561172639,-6.84973639964816,0.00000000000758523825362976,-1.44618773943038,-0.802698004125807
H2_M4,H2,Language extension with all nonconstant language indicators,factor(release_period)2019,-0.793240145199868,0.169197860679686,-4.68823980405744,0.0000027714537805713,-1.12486185839328,-0.461618432006458
H2_M4,H2,Language extension with all nonconstant language indicators,factor(release_period)2020,-0.521104185110183,0.167839949822729,-3.10476847532764,0.00190659299311294,-0.850064441929742,-0.192143928290624
H2_M4,H2,Language extension with all nonconstant language indicators,factor(release_period)2021,-0.703723383400272,0.167073777969343,-4.21205165737858,0.0000254024719949179,-1.03118197098123,-0.376264795819318
H2_M4,H2,Language extension with all nonconstant language indicators,factor(release_period)2022,-0.506433620291063,0.16442414770516,-3.08004406505535,0.00207214076798627,-0.828699027981872,-0.184168212600255
H2_M4,H2,Language extension with all nonconstant language indicators,factor(release_period)2023,-0.502367132816334,0.167836247348582,-2.99319807700991,0.00276363774358367,-0.831320132919909,-0.173414132712758
H2_M4,H2,Language extension with all nonconstant language indicators,factor(release_period)2024,-0.654329004194677,0.153064672558824,-4.27485319281112,0.0000192033416257362,-0.954330249715388,-0.354327758673966
H2_M4,H2,Language extension with all nonconstant language indicators,factor(release_period)2025,-0.231585230040237,0.156466735501727,-1.48009242538125,0.13886228256651,-0.538254396402176,0.075083936321702
H2_M4,H2,Language extension with all nonconstant language indicators,factor(release_period)2026,-0.139493536785905,0.32718362649931,-0.42634632508482,0.6698594975557,-0.780761661055758,0.501774587483947
H2_M4,H2,Language extension with all nonconstant language indicators,language_count,-0.000291687530660496,0.00418951771223301,-0.0696231763882499,0.944494195014366,-0.00850299135922983,0.00791961629790884
H2_M4,H2,Language extension with all nonconstant language indicators,lang_French,0.492570391156887,0.101182594304919,4.86813364038187,0.00000113404127370591,0.294256150456918,0.690884631856855
H2_M4,H2,Language extension with all nonconstant language indicators,lang_German,0.923515549575012,0.0991117901663774,9.31791816114632,0.0000000000000000000128993697941508,0.729260010405621,1.1177710887444
H2_M4,H2,Language extension with all nonconstant language indicators,lang_Italian,-0.141689760127932,0.0782587721503316,-1.8105287910185,0.0702268699367487,-0.295074135016908,0.0116946147610443
H2_M4,H2,Language extension with all nonconstant language indicators,lang_Spanish,0.432895232083897,0.0944307468371624,4.58426144643744,0.00000457990941712366,0.247814369249839,0.617976094917955
H2_M4,H2,Language extension with all nonconstant language indicators,lang_Simplified_Chinese,-2.09744241030085,0.0676147625480854,-31.020480310187,0.00000000000000000000000000000000000000000000000000000000000000000000000000000000000000000000000000000000000000000000000000000000000000000000000000000000000000000000000000000000000000000000000000000000000000522638717164401,-2.22996490971833,-1.96491991088338
H2_M4,H2,Language extension with all nonconstant language indicators,lang_Traditional_Chinese,-0.978275746778409,0.0733179511125603,-13.3429225985397,0.00000000000000000000000000000000000000018422138291652,-1.1219762903793,-0.834575203177523
H2_M4,H2,Language extension with all nonconstant language indicators,lang_Korean,0.696194090351832,0.0812019912563909,8.57360859727733,0.0000000000000000106515382284541,0.537041112016369,0.855347068687294
H2_M4,H2,Language extension with all nonconstant language indicators,lang_Russian,0.262254482632812,0.0718500339927123,3.65002586720295,0.000262794531744488,0.121431003719117,0.403077961546506
H2_M4,H2,Language extension with all nonconstant language indicators,lang_Dutch,0.68909460080159,0.104509100770954,6.59363247524092,0.00000000004385030639387,0.484260527233852,0.893928674369328
H2_M4,H2,Language extension with all nonconstant language indicators,lang_Japanese,-1.84926635534444,0.0694463582299689,-26.6287016695774,0.000000000000000000000000000000000000000000000000000000000000000000000000000000000000000000000000000000000000000000000000000000000000000000000000000000000679943523352309,-1.98537871633265,-1.71315399435624
H2_M4,H2,Language extension with all nonconstant language indicators,lang_Polish,0.266337631242488,0.0783261130434679,3.40036829217711,0.000674095162869305,0.112821270628278,0.419853991856698
H2_M4,H2,Language extension with all nonconstant language indicators,lang_Portuguese,0.243118599966325,0.0768200770635154,3.16477943344567,0.00155402790419835,0.0925540156322433,0.393683184300407
H2_M4,H2,Language extension with all nonconstant language indicators,lang_Turkish,-0.92160354461613,0.12647637370989,-7.28676445713166,0.000000000000327728460118269,-1.16949268198274,-0.673714407249516
H2_M5,H2,Coverage robustness: at least 80% official GGGI coverage,(Intercept),76.4313401394254,0.128005108932578,597.096012626208,0,76.1804547360805,76.6822255427704
H2_M5,H2,Coverage robustness: at least 80% official GGGI coverage,tag_female_protagonist,-0.576392490447812,0.0697485945027237,-8.26385814018523,0.000000000000000147676842982845,-0.713097223645439,-0.439687757250185
H2_M5,H2,Coverage robustness: at least 80% official GGGI coverage,is_free,0.404410187987911,0.0668769593783882,6.04707797344326,0.00000000149503894782443,0.273333756210722,0.5354866197651
H2_M5,H2,Coverage robustness: at least 80% official GGGI coverage,is_early_access,0.45312025781125,0.077098060179731,5.87719401441406,0.00000000422358379203297,0.302010836581075,0.604229679041424
H2_M5,H2,Coverage robustness: at least 80% official GGGI coverage,genre_Action,-0.0479701028581993,0.0514547972219549,-0.93227658931928,0.351202246253898,-0.148819652245043,0.0528794465286439
H2_M5,H2,Coverage robustness: at least 80% official GGGI coverage,genre_Adventure,0.00097338497596705,0.0518976729995095,0.0187558501125137,0.98503601781939,-0.100744184984508,0.102690954936442
H2_M5,H2,Coverage robustness: at least 80% official GGGI coverage,genre_Simulation,0.333318007430665,0.0598968521113474,5.56486686163459,0.0000000264932619609321,0.215922334505102,0.450713680356227
H2_M5,H2,Coverage robustness: at least 80% official GGGI coverage,genre_Sports,0.427428614929556,0.124629271694035,3.42960051936189,0.000605406925282585,0.183159730989791,0.671697498869321
H2_M5,H2,Coverage robustness: at least 80% official GGGI coverage,genre_Racing,0.160537925471419,0.141744049709611,1.1325902272463,0.257396802589288,-0.117275306982273,0.438351157925111
H2_M5,H2,Coverage robustness: at least 80% official GGGI coverage,genre_RPG,-0.836245653446828,0.0561784372969026,-14.8855271467819,0.0000000000000000000000000000000000000000000000000656706593154727,-0.946353367256499,-0.726137939637157
H2_M5,H2,Coverage robustness: at least 80% official GGGI coverage,genre_Strategy,0.0466174117213091,0.0611318434701921,0.762571666009708,0.445725794923791,-0.0731987997888075,0.166433623231426
H2_M5,H2,Coverage robustness: at least 80% official GGGI coverage,genre_Other,-0.14876440267328,0.104523613464921,-1.42326119181869,0.154672432557154,-0.353626920598511,0.0560981152519521
H2_M5,H2,Coverage robustness: at least 80% official GGGI coverage,factor(release_period)2009,-0.0611161590745088,0.181657246393172,-0.336436670091493,0.736544311607761,-0.417157819535845,0.294925501386827
H2_M5,H2,Coverage robustness: at least 80% official GGGI coverage,factor(release_period)2010,0.495869623349368,0.19464055284409,2.54761721595893,0.0108518365165235,0.114381149843986,0.877358096854749
H2_M5,H2,Coverage robustness: at least 80% official GGGI coverage,factor(release_period)2011,0.448752610673126,0.189249871506202,2.37121751841412,0.0177368263339721,0.0778296784421376,0.819675542904115
H2_M5,H2,Coverage robustness: at least 80% official GGGI coverage,factor(release_period)2012,0.452598584458072,0.170557165182936,2.65364743822181,0.00796753215812431,0.118312683394269,0.786884485521875
H2_M5,H2,Coverage robustness: at least 80% official GGGI coverage,factor(release_period)2013,0.227385070093088,0.160704742480949,1.4149244545166,0.157102604367108,-0.087590437314356,0.542360577500533
H2_M5,H2,Coverage robustness: at least 80% official GGGI coverage,factor(release_period)2014,-0.369111228847491,0.138644077159581,-2.66229352461006,0.00776578405738516,-0.640848626750063,-0.0973738309449197
H2_M5,H2,Coverage robustness: at least 80% official GGGI coverage,factor(release_period)2015,-1.25454810095523,0.136960729768722,-9.15991104219227,0.0000000000000000000556527118844796,-1.52298619859825,-0.986110003312212
H2_M5,H2,Coverage robustness: at least 80% official GGGI coverage,factor(release_period)2016,-1.73259301705185,0.138827444814094,-12.4801909260233,0.0000000000000000000000000000000000121117127322145,-2.00468980895319,-1.4604962251505
H2_M5,H2,Coverage robustness: at least 80% official GGGI coverage,factor(release_period)2017,-2.1823419560065,0.14161460724413,-15.4104297464481,0.0000000000000000000000000000000000000000000000000000239653362943172,-2.45990148588978,-1.90478242612322
H2_M5,H2,Coverage robustness: at least 80% official GGGI coverage,factor(release_period)2018,-2.27665020554298,0.147551559115609,-15.4295232065911,0.0000000000000000000000000000000000000000000000000000178791443715828,-2.56584594727231,-1.98745446381366
H2_M5,H2,Coverage robustness: at least 80% official GGGI coverage,factor(release_period)2019,-2.22196744104315,0.157151713801453,-14.138995924985,0.00000000000000000000000000000000000000000000321101873463106,-2.52997914020274,-1.91395574188355
H2_M5,H2,Coverage robustness: at least 80% official GGGI coverage,factor(release_period)2020,-2.20510646440114,0.154063035836278,-14.3130144906692,0.000000000000000000000000000000000000000000000272006453128759,-2.50706446598914,-1.90314846281313
H2_M5,H2,Coverage robustness: at least 80% official GGGI coverage,factor(release_period)2021,-2.42820840789633,0.151866905412968,-15.9890556885541,0.0000000000000000000000000000000000000000000000000000000028549959235905,-2.72586207294929,-2.13055474284336
H2_M5,H2,Coverage robustness: at least 80% official GGGI coverage,factor(release_period)2022,-2.27036866529398,0.153168070370726,-14.8227281299478,0.000000000000000000000000000000000000000000000000166300124204486,-2.5705725668021,-1.97016476378586
H2_M5,H2,Coverage robustness: at least 80% official GGGI coverage,factor(release_period)2023,-2.40646227047963,0.153819232027596,-15.6447424600839,0.000000000000000000000000000000000000000000000000000000642009113342095,-2.70794242538332,-2.10498211557593
H2_M5,H2,Coverage robustness: at least 80% official GGGI coverage,factor(release_period)2024,-2.55428136745963,0.134997585477966,-18.9209411295473,0.00000000000000000000000000000000000000000000000000000000000000000000000000000026128889415392,-2.81887177299631,-2.28969096192295
H2_M5,H2,Coverage robustness: at least 80% official GGGI coverage,factor(release_period)2025,-2.07009971846316,0.13953525905144,-14.8356747429696,0.000000000000000000000000000000000000000000000000137353227229334,-2.34358380077745,-1.79661563614888
H2_M5,H2,Coverage robustness: at least 80% official GGGI coverage,factor(release_period)2026,-2.19647879243611,0.332201803933408,-6.61188099049698,0.0000000000386806860535325,-2.84758236374482,-1.54537522112739
H2_M6,H2 complementary,Economic Participation and Opportunity: main specification,(Intercept),74.3338329026639,0.125860193833674,590.606375522488,0,74.0871514556626,74.5805143496651
H2_M6,H2 complementary,Economic Participation and Opportunity: main specification,tag_female_protagonist,-0.0201867173407117,0.0729864460947086,-0.276581727441792,0.782103781246117,-0.163237523045915,0.122864088364491
H2_M6,H2 complementary,Economic Participation and Opportunity: main specification,is_free,0.0682181071021194,0.0714905915676282,0.954224963121014,0.339979805737436,-0.0719008776038946,0.208337091808134
H2_M6,H2 complementary,Economic Participation and Opportunity: main specification,is_early_access,0.364096808070215,0.089324400804696,4.07611811319392,0.0000459475037843932,0.18902419955239,0.539169416588039
H2_M6,H2 complementary,Economic Participation and Opportunity: main specification,genre_Action,0.184736989723836,0.0566234064060155,3.26255521257743,0.00110573529356502,0.0737571524860711,0.295716826961601
H2_M6,H2 complementary,Economic Participation and Opportunity: main specification,genre_Adventure,0.152547802892323,0.0580067447856228,2.62982871140413,0.00854847434068909,0.0388566722520954,0.26623893353255
H2_M6,H2 complementary,Economic Participation and Opportunity: main specification,genre_Simulation,-0.0855722459978336,0.0659482068131084,-1.29756744167947,0.194449024814697,-0.214828356196525,0.0436838642008579
H2_M6,H2 complementary,Economic Participation and Opportunity: main specification,genre_Sports,0.0445026451198662,0.147005268880101,0.302728231844282,0.762099717447044,-0.243622387422758,0.332627677662491
H2_M6,H2 complementary,Economic Participation and Opportunity: main specification,genre_Racing,-0.0409883330660801,0.157951697877586,-0.25949916092606,0.795252450983207,-0.350567972203101,0.26859130607094
H2_M6,H2 complementary,Economic Participation and Opportunity: main specification,genre_RPG,0.312220032254323,0.0608559269093587,5.13047862567858,0.000000291352617031646,0.192944607266178,0.431495457242468
H2_M6,H2 complementary,Economic Participation and Opportunity: main specification,genre_Strategy,0.297648272001302,0.0661039982324756,4.50272721711216,0.00000674162517455821,0.16808681623155,0.427209727771054
H2_M6,H2 complementary,Economic Participation and Opportunity: main specification,genre_Other,0.16914322970522,0.112881135361476,1.49841892680807,0.134038160584308,-0.0520997301372639,0.390386189547703
H2_M6,H2 complementary,Economic Participation and Opportunity: main specification,factor(release_period)2009,0.0476707776845172,0.201311643118674,0.236800897086787,0.812813363625586,-0.346892792496664,0.442234347865699
H2_M6,H2 complementary,Economic Participation and Opportunity: main specification,factor(release_period)2010,-0.0917902529705571,0.174297970081076,-0.526628353318518,0.598456774951533,-0.433407996907905,0.249827490966791
H2_M6,H2 complementary,Economic Participation and Opportunity: main specification,factor(release_period)2011,-0.382798920458291,0.174376003120958,-2.1952499977463,0.0281556209679642,-0.724569606343412,-0.0410282345731699
H2_M6,H2 complementary,Economic Participation and Opportunity: main specification,factor(release_period)2012,-0.16717234721209,0.158387819173917,-1.05546214402085,0.291225096307415,-0.477606768382809,0.14326207395863
H2_M6,H2 complementary,Economic Participation and Opportunity: main specification,factor(release_period)2013,-0.221639060817905,0.149878925867595,-1.47878735809532,0.139210844915741,-0.51539635755994,0.0721182359241291
H2_M6,H2 complementary,Economic Participation and Opportunity: main specification,factor(release_period)2014,-0.43992607353329,0.133168823798068,-3.30352150740909,0.000956243270243784,-0.700932172041065,-0.178919975025516
H2_M6,H2 complementary,Economic Participation and Opportunity: main specification,factor(release_period)2015,-0.364908642998042,0.134746010147169,-2.70812206312818,0.00677151377152126,-0.629005969946962,-0.100811316049122
H2_M6,H2 complementary,Economic Participation and Opportunity: main specification,factor(release_period)2016,-0.593252257142886,0.135312566840395,-4.38431012725258,0.0000116869611365175,-0.858460014805729,-0.328044499480043
H2_M6,H2 complementary,Economic Participation and Opportunity: main specification,factor(release_period)2017,-0.906713823233268,0.139531340246339,-6.49828075636976,0.0000000000829057508895412,-1.1801902248307,-0.633237421635839
H2_M6,H2 complementary,Economic Participation and Opportunity: main specification,factor(release_period)2018,-1.17530197652108,0.145901673415717,-8.05543863210055,0.000000000000000830105501664071,-1.46126400170001,-0.889339951342154
H2_M6,H2 complementary,Economic Participation and Opportunity: main specification,factor(release_period)2019,-1.0347082921984,0.15286170442303,-6.76891767041237,0.0000000000132869752923764,-1.33431172748295,-0.735104856913854
H2_M6,H2 complementary,Economic Participation and Opportunity: main specification,factor(release_period)2020,-0.996528683886154,0.150418158766641,-6.62505572503496,0.0000000000354784694378319,-1.2913428576896,-0.701714510082709
H2_M6,H2 complementary,Economic Participation and Opportunity: main specification,factor(release_period)2021,-1.11677224141695,0.153847812972024,-7.25894128647784,0.00000000000040251810396895,-1.41830841394237,-0.815236068891526
H2_M6,H2 complementary,Economic Participation and Opportunity: main specification,factor(release_period)2022,-1.0142907561469,0.148425044881207,-6.83369007540941,0.00000000000848245606458739,-1.30519849851781,-0.723383013775995
H2_M6,H2 complementary,Economic Participation and Opportunity: main specification,factor(release_period)2023,-1.04210128246185,0.148557112152855,-7.01481919889234,0.0000000000023662606010928,-1.33326787192873,-0.750934692994978
H2_M6,H2 complementary,Economic Participation and Opportunity: main specification,factor(release_period)2024,-3.9375146028129,0.136446335717922,-28.8576060477944,0.00000000000000000000000000000000000000000000000000000000000000000000000000000000000000000000000000000000000000000000000000000000000000000000000000000000000000000000000000000000000649477627892846,-4.20494450664249,-3.67008469898331
H2_M6,H2 complementary,Economic Participation and Opportunity: main specification,factor(release_period)2025,-3.32200146020449,0.140725123243868,-23.6063140939495,0.0000000000000000000000000000000000000000000000000000000000000000000000000000000000000000000000000000000000000000000000000929782831419995,-3.59781763348244,-3.04618528692655
H2_M6,H2 complementary,Economic Participation and Opportunity: main specification,factor(release_period)2026,-3.1406257706003,0.360484677016223,-8.71223097912415,0.00000000000000000317675091545694,-3.84716275453065,-2.43408878666995
H2_M7,H2 complementary,Economic Participation and Opportunity: language extension,(Intercept),74.1752369463464,0.131769772735719,562.915419874892,0,73.9169729375333,74.4335009551594
H2_M7,H2 complementary,Economic Participation and Opportunity: language extension,tag_female_protagonist,0.15447969862433,0.0721806202133533,2.14018247789663,0.032350512290455,0.0130082826243939,0.295951114624266
H2_M7,H2 complementary,Economic Participation and Opportunity: language extension,is_free,0.0163470715559187,0.0707686367410905,0.230993167435527,0.81732216520238,-0.122356907691617,0.155051050803454
H2_M7,H2 complementary,Economic Participation and Opportunity: language extension,is_early_access,0.308490875575376,0.0873265824784939,3.53261134032525,0.000412283091139657,0.137333919024562,0.479647832126191
H2_M7,H2 complementary,Economic Participation and Opportunity: language extension,genre_Action,0.191483272135269,0.0560146625762449,3.41844908687309,0.000630882656192274,0.0816965508796652,0.301269993390872
H2_M7,H2 complementary,Economic Participation and Opportunity: language extension,genre_Adventure,0.141401601919367,0.0566747758070274,2.4949653510907,0.0126039008751449,0.0303210825057114,0.252482121333023
H2_M7,H2 complementary,Economic Participation and Opportunity: language extension,genre_Simulation,-0.0615778741348873,0.0645544719010568,-0.953890138382174,0.340149282754542,-0.188102314101962,0.064946565832187
H2_M7,H2 complementary,Economic Participation and Opportunity: language extension,genre_Sports,-0.0694041607428179,0.143333484317601,-0.484214564888627,0.628238212853901,-0.350332627783952,0.211524306298316
H2_M7,H2 complementary,Economic Participation and Opportunity: language extension,genre_Racing,-0.0617246610904257,0.15707223871004,-0.392969894599715,0.694345359792931,-0.369580591933182,0.246131269752331
H2_M7,H2 complementary,Economic Participation and Opportunity: language extension,genre_RPG,0.354128793468517,0.0608002693870525,5.82446092819334,0.0000000058060209706318,0.234962455219561,0.473295131717473
H2_M7,H2 complementary,Economic Participation and Opportunity: language extension,genre_Strategy,0.268732734388756,0.064810597862314,4.14643196101449,0.000033890706193222,0.141706296762112,0.3957591720154
H2_M7,H2 complementary,Economic Participation and Opportunity: language extension,genre_Other,0.192988285168498,0.110691200205753,1.7434835362682,0.081262552008612,-0.0239624806402907,0.409939050977288
H2_M7,H2 complementary,Economic Participation and Opportunity: language extension,factor(release_period)2009,0.0720154508433832,0.208383860259012,0.345590348282593,0.729653761826944,-0.336409410223708,0.480440311910474
H2_M7,H2 complementary,Economic Participation and Opportunity: language extension,factor(release_period)2010,-0.00179404833040667,0.188060024227428,-0.0095397644330677,0.992388567452086,-0.370384922747896,0.366796826087083
H2_M7,H2 complementary,Economic Participation and Opportunity: language extension,factor(release_period)2011,-0.289683926327956,0.179756572218949,-1.61153454781676,0.107076987764141,-0.642000333861471,0.0626324812055578
H2_M7,H2 complementary,Economic Participation and Opportunity: language extension,factor(release_period)2012,-0.00747595496165185,0.164587057777657,-0.0454224959276643,0.963770944756514,-0.330060660527272,0.315108750603968
H2_M7,H2 complementary,Economic Participation and Opportunity: language extension,factor(release_period)2013,0.00372441051754016,0.159526534436552,0.0233466522086422,0.981373961336286,-0.30894185155659,0.316390672591671
H2_M7,H2 complementary,Economic Participation and Opportunity: language extension,factor(release_period)2014,-0.319423120402706,0.13841392265,-2.30773837116383,0.0210225256636475,-0.590709423755618,-0.0481368170497943
H2_M7,H2 complementary,Economic Participation and Opportunity: language extension,factor(release_period)2015,-0.0983836943589208,0.13921082817591,-0.706724438379184,0.479744900457271,-0.371231903841697,0.174464515123856
H2_M7,H2 complementary,Economic Participation and Opportunity: language extension,factor(release_period)2016,-0.295694188108193,0.138906421450943,-2.12872943539635,0.0332872500415867,-0.567945771373383,-0.0234426048430034
H2_M7,H2 complementary,Economic Participation and Opportunity: language extension,factor(release_period)2017,-0.550708037395292,0.143779018880738,-3.83023922184429,0.000128358561341326,-0.832509736134043,-0.268906338656542
H2_M7,H2 complementary,Economic Participation and Opportunity: language extension,factor(release_period)2018,-0.77643259089265,0.151434841334375,-5.1271727434128,0.000000296508921609363,-1.07323942591256,-0.479625755872737
H2_M7,H2 complementary,Economic Participation and Opportunity: language extension,factor(release_period)2019,-0.492045552681108,0.160217113093964,-3.07111733059711,0.0021350819285386,-0.806065324052257,-0.178025781309959
H2_M7,H2 complementary,Economic Participation and Opportunity: language extension,factor(release_period)2020,-0.356173961539089,0.155930429783156,-2.28418508199074,0.0223697269009334,-0.661791988007926,-0.0505559350702513
H2_M7,H2 complementary,Economic Participation and Opportunity: language extension,factor(release_period)2021,-0.467659970796901,0.160213277600668,-2.91898385577346,0.00351514856400903,-0.781672224739327,-0.153647716854475
H2_M7,H2 complementary,Economic Participation and Opportunity: language extension,factor(release_period)2022,-0.322891628405656,0.154496404860782,-2.08996208485638,0.0366321634487685,-0.625699017673707,-0.0200842391376039
H2_M7,H2 complementary,Economic Participation and Opportunity: language extension,factor(release_period)2023,-0.260230539989664,0.156482764436422,-1.66299810031408,0.0963264437721308,-0.566931122486316,0.046470042506987
H2_M7,H2 complementary,Economic Participation and Opportunity: language extension,factor(release_period)2024,-3.3040694227667,0.142274716710256,-23.2231664147009,0.000000000000000000000000000000000000000000000000000000000000000000000000000000000000000000000000000000000000000000000604805670617721,-3.58292274342944,-3.02521610210396
H2_M7,H2 complementary,Economic Participation and Opportunity: language extension,factor(release_period)2025,-2.68617124661403,0.14650472609073,-18.3350484198748,0.0000000000000000000000000000000000000000000000000000000000000000000000000147817436256429,-2.97331523331677,-2.3990272599113
H2_M7,H2 complementary,Economic Participation and Opportunity: language extension,factor(release_period)2026,-2.41135641445319,0.343617074036589,-7.0175686735416,0.00000000000232031128400089,-3.08483350403794,-1.73787932486844
H2_M7,H2 complementary,Economic Participation and Opportunity: language extension,language_count,0.00310290808292982,0.00550972622088729,0.563169195443276,0.573325167868685,-0.00769595687468525,0.0139017730405449
H2_M7,H2 complementary,Economic Participation and Opportunity: language extension,lang_French,0.685781163672346,0.11323333891605,6.05635381096355,0.00000000141402387847039,0.463847897547671,0.907714429797021
H2_M7,H2 complementary,Economic Participation and Opportunity: language extension,lang_German,-0.373522482434302,0.114652607711842,-3.25786294693864,0.00112417388372689,-0.598237464283111,-0.148807500585492
H2_M7,H2 complementary,Economic Participation and Opportunity: language extension,lang_Italian,-0.211894577650859,0.0897945362702922,-2.3597713897985,0.0182945067000691,-0.387888634749107,-0.035900520552611
H2_M7,H2 complementary,Economic Participation and Opportunity: language extension,lang_Spanish,0.188711734795949,0.1075110913031,1.75527689756144,0.0792252707803824,-0.0220061320967238,0.399429601688623
H2_M7,H2 complementary,Economic Participation and Opportunity: language extension,lang_Simplified_Chinese,-0.0698028125677745,0.0708020948244368,-0.985886261428561,0.324199302443845,-0.20857236845366,0.0689667433181114
H2_M7,H2 complementary,Economic Participation and Opportunity: language extension,lang_Traditional_Chinese,-0.124776862505888,0.0808622291283423,-1.54307967824935,0.122825205451021,-0.283263919307064,0.0337101942952889
H2_M7,H2 complementary,Economic Participation and Opportunity: language extension,lang_Korean,0.496005064404303,0.0955252328583685,5.19239838064263,0.000000209368908916484,0.308779048387098,0.683231080421507
H2_M7,H2 complementary,Economic Participation and Opportunity: language extension,lang_Russian,-0.00591015366472525,0.0811925431866976,-0.0727918283226477,0.941972406859459,-0.165044614123865,0.153224306794415
H2_M7,H2 complementary,Economic Participation and Opportunity: language extension,lang_Dutch,0.569263085238188,0.119749576522151,4.75377952700223,0.00000200856606056029,0.334558228090849,0.803967942385527
H2_M7,H2 complementary,Economic Participation and Opportunity: language extension,lang_Japanese,-1.49287502590011,0.0797259632621787,-18.7250798211217,0.0000000000000000000000000000000000000000000000000000000000000000000000000000116997195111289,-1.64913504252675,-1.33661500927348
H2_M7,H2 complementary,Economic Participation and Opportunity: language extension,lang_Polish,0.162757232459591,0.0885039874896156,1.83898191568699,0.0659307322180522,-0.0107073955082392,0.336221860427421
H2_M7,H2 complementary,Economic Participation and Opportunity: language extension,lang_Portuguese,0.200651370904308,0.0885833553598341,2.26511368969083,0.0235149666898349,0.0270311847693197,0.374271557039295
H2_M7,H2 complementary,Economic Participation and Opportunity: language extension,lang_Turkish,-2.20386623858265,0.169628768269589,-12.9922905239756,0.0000000000000000000000000000000000000184846710773847,-2.53633251513293,-1.87139996203236
H2_M8,H2 complementary,Economic Participation and Opportunity: 80% coverage robustness,(Intercept),74.4553001508209,0.11171638462441,666.467147152493,0,74.236340060474,74.6742602411678
H2_M8,H2 complementary,Economic Participation and Opportunity: 80% coverage robustness,tag_female_protagonist,-0.061939088005845,0.0685482589603796,-0.903583678786727,0.366224557226188,-0.196291206771114,0.0724130307594241
H2_M8,H2 complementary,Economic Participation and Opportunity: 80% coverage robustness,is_free,0.0176572181807319,0.0686582874310604,0.257175336603923,0.797045454268175,-0.116910552424346,0.152224988785809
H2_M8,H2 complementary,Economic Participation and Opportunity: 80% coverage robustness,is_early_access,0.347234379582118,0.085512212829605,4.06064079143912,0.0000490812807602169,0.179633522197768,0.514835236966468
H2_M8,H2 complementary,Economic Participation and Opportunity: 80% coverage robustness,genre_Action,0.177359206124478,0.0537122528967687,3.30202507918167,0.000961186719514938,0.0720851249183046,0.282633287330652
H2_M8,H2 complementary,Economic Participation and Opportunity: 80% coverage robustness,genre_Adventure,0.178331753941622,0.0546139873353792,3.26531283728662,0.00109484433268285,0.0712903057121524,0.285373202171092
H2_M8,H2 complementary,Economic Participation and Opportunity: 80% coverage robustness,genre_Simulation,-0.0269709881472757,0.0625555008327175,-0.431152940800522,0.666360737606651,-0.149577516814267,0.095635540519716
H2_M8,H2 complementary,Economic Participation and Opportunity: 80% coverage robustness,genre_Sports,-0.0415555584506876,0.143892485172136,-0.288795890911018,0.772739875518142,-0.323579647034038,0.240468530132663
H2_M8,H2 complementary,Economic Participation and Opportunity: 80% coverage robustness,genre_Racing,-0.0105021751399543,0.15361428812658,-0.0683671764393451,0.945493874982659,-0.311580647378809,0.290576297098901
H2_M8,H2 complementary,Economic Participation and Opportunity: 80% coverage robustness,genre_RPG,0.386148609707653,0.0563423088782597,6.85361706674133,0.00000000000736109725826808,0.275719713500432,0.496577505914873
H2_M8,H2 complementary,Economic Participation and Opportunity: 80% coverage robustness,genre_Strategy,0.252624038442159,0.0620790048298571,4.06939575037548,0.0000472741498349303,0.130951424779552,0.374296652104767
H2_M8,H2 complementary,Economic Participation and Opportunity: 80% coverage robustness,genre_Other,0.0504976328546003,0.108035667534408,0.467416308031025,0.640205968260012,-0.161248384558583,0.262243650267783
H2_M8,H2 complementary,Economic Participation and Opportunity: 80% coverage robustness,factor(release_period)2009,0.0750165955501071,0.165252270470979,0.453951981030611,0.649867172057371,-0.248871902936483,0.398905094036697
H2_M8,H2 complementary,Economic Participation and Opportunity: 80% coverage robustness,factor(release_period)2010,-0.0962680786280105,0.155799801275968,-0.617896029645705,0.53664927982985,-0.401630077927406,0.209093920671385
H2_M8,H2 complementary,Economic Participation and Opportunity: 80% coverage robustness,factor(release_period)2011,-0.335698552496427,0.152443158661165,-2.20212278100708,0.0276653697660462,-0.634481653161835,-0.0369154518310194
H2_M8,H2 complementary,Economic Participation and Opportunity: 80% coverage robustness,factor(release_period)2012,-0.227148087795526,0.140647007167149,-1.61502254737335,0.106317926993176,-0.502811156376484,0.0485149807854325
H2_M8,H2 complementary,Economic Participation and Opportunity: 80% coverage robustness,factor(release_period)2013,-0.177249815958436,0.129421601887156,-1.36955356272736,0.170838113564425,-0.430911494478743,0.0764118625618707
H2_M8,H2 complementary,Economic Participation and Opportunity: 80% coverage robustness,factor(release_period)2014,-0.535124984683665,0.118928863753558,-4.4995383609528,0.00000683956675846102,-0.76822127436291,-0.302028695004419
H2_M8,H2 complementary,Economic Participation and Opportunity: 80% coverage robustness,factor(release_period)2015,-0.478690975757705,0.12051690432195,-3.9719820090875,0.0000714687471250784,-0.714899767756987,-0.242482183758423
H2_M8,H2 complementary,Economic Participation and Opportunity: 80% coverage robustness,factor(release_period)2016,-0.700113488950386,0.121423808370314,-5.76586666442881,0.00000000821568763768319,-0.938099780221894,-0.462127197678877
H2_M8,H2 complementary,Economic Participation and Opportunity: 80% coverage robustness,factor(release_period)2017,-1.01620119190716,0.126202484892753,-8.05214883661544,0.000000000000000848022684047288,-1.26355351705642,-0.768848866757903
H2_M8,H2 complementary,Economic Participation and Opportunity: 80% coverage robustness,factor(release_period)2018,-1.27584965211403,0.131774767021169,-9.6820482475911,0.000000000000000000000391701484746217,-1.53412344954668,-1.01757585468139
H2_M8,H2 complementary,Economic Participation and Opportunity: 80% coverage robustness,factor(release_period)2019,-1.16156598378894,0.137910995304273,-8.42257704852451,0.0000000000000000387011037969484,-1.43186656765739,-0.891265399920492
H2_M8,H2 complementary,Economic Participation and Opportunity: 80% coverage robustness,factor(release_period)2020,-1.14647026410196,0.135533316990366,-8.45895525587602,0.0000000000000000283736581386103,-1.41211068410833,-0.880829844095597
H2_M8,H2 complementary,Economic Participation and Opportunity: 80% coverage robustness,factor(release_period)2021,-1.2776622382917,0.139424718008601,-9.16381439776614,0.0000000000000000000536815100182518,-1.55092966414321,-1.00439481244019
H2_M8,H2 complementary,Economic Participation and Opportunity: 80% coverage robustness,factor(release_period)2022,-1.13806791613653,0.134596987394455,-8.45537435991244,0.0000000000000000292556767055867,-1.40187316385726,-0.87426266841581
H2_M8,H2 complementary,Economic Participation and Opportunity: 80% coverage robustness,factor(release_period)2023,-1.20988869397609,0.136317779927307,-8.87550174761701,0.00000000000000000073994480984633,-1.47706663308607,-0.942710754866107
H2_M8,H2 complementary,Economic Participation and Opportunity: 80% coverage robustness,factor(release_period)2024,-4.19872810782116,0.122334925598881,-34.3215814066719,0.00000000000000000000000000000000000000000000000000000000000000000000000000000000000000000000000000000000000000000000000000000000000000000000000000000000000000000000000000000000000000000000000000000000000000000000000000000000000000000000000000000000000158176082537839,-4.43850015604636,-3.95895605959597
H2_M8,H2 complementary,Economic Participation and Opportunity: 80% coverage robustness,factor(release_period)2025,-3.43817631030544,0.126142366096581,-27.2563169432941,0.0000000000000000000000000000000000000000000000000000000000000000000000000000000000000000000000000000000000000000000000000000000000000000000000000000000000000000257086830751335,-3.6854108047794,-3.19094181583147
H2_M8,H2 complementary,Economic Participation and Opportunity: 80% coverage robustness,factor(release_period)2026,-3.2674381565481,0.333873051157139,-9.7864686749164,0.0000000000000000000001407882357199,-3.92181731222459,-2.61305900087161
H2_M9,H2 sensitivity,Russia sensitivity: 2021 WEF score 70.8; Taiwan and Hong Kong remain uncovered,(Intercept),75.6969031360183,0.118945891345222,636.397796341868,0,75.4637734728726,75.9300327991639
H2_M9,H2 sensitivity,Russia sensitivity: 2021 WEF score 70.8; Taiwan and Hong Kong remain uncovered,tag_female_protagonist,-0.281970544821569,0.0602254925227927,-4.68191347235318,0.00000285376378401979,-0.400010341117429,-0.163930748525709
H2_M9,H2 sensitivity,Russia sensitivity: 2021 WEF score 70.8; Taiwan and Hong Kong remain uncovered,is_free,0.303644025753136,0.054694258313842,5.55166182180937,0.0000000285213253797377,0.196445249296875,0.410842802209397
H2_M9,H2 sensitivity,Russia sensitivity: 2021 WEF score 70.8; Taiwan and Hong Kong remain uncovered,is_early_access,0.452150146239024,0.064633580711993,6.99559178461431,0.00000000000269340120017764,0.325470655851655,0.578829636626393
H2_M9,H2 sensitivity,Russia sensitivity: 2021 WEF score 70.8; Taiwan and Hong Kong remain uncovered,genre_Action,-0.295654081116916,0.0428004884927525,-6.90772679304769,0.00000000000501700840628678,-0.379541497083432,-0.2117666651504
H2_M9,H2 sensitivity,Russia sensitivity: 2021 WEF score 70.8; Taiwan and Hong Kong remain uncovered,genre_Adventure,-0.0670919569313235,0.0430743026037017,-1.55758660908785,0.119341185015334,-0.151516038693759,0.0173321248311116
H2_M9,H2 sensitivity,Russia sensitivity: 2021 WEF score 70.8; Taiwan and Hong Kong remain uncovered,genre_Simulation,0.204830547561846,0.0498583549172062,4.10824921724722,0.0000399663018203088,0.107109967595707,0.302551127527986
H2_M9,H2 sensitivity,Russia sensitivity: 2021 WEF score 70.8; Taiwan and Hong Kong remain uncovered,genre_Sports,0.365201380885096,0.107174438796045,3.40754180742743,0.000656317079293651,0.155143340781555,0.575259420988637
H2_M9,H2 sensitivity,Russia sensitivity: 2021 WEF score 70.8; Taiwan and Hong Kong remain uncovered,genre_Racing,-0.00461491983978467,0.114630015086499,-0.0402592622560702,0.967886683124142,-0.229285620956607,0.220055781277037
H2_M9,H2 sensitivity,Russia sensitivity: 2021 WEF score 70.8; Taiwan and Hong Kong remain uncovered,genre_RPG,-0.561361049649516,0.0471778560946059,-11.898824917432,0.0000000000000000000000000000000140664629230414,-0.653827948462757,-0.468894150836275
H2_M9,H2 sensitivity,Russia sensitivity: 2021 WEF score 70.8; Taiwan and Hong Kong remain uncovered,genre_Strategy,0.0651759251609144,0.050976663389757,1.27854435396434,0.201066848297993,-0.0347364991350307,0.16508834945686
H2_M9,H2 sensitivity,Russia sensitivity: 2021 WEF score 70.8; Taiwan and Hong Kong remain uncovered,genre_Other,-0.227690660628674,0.085546721967861,-2.66159421882015,0.0077810491549141,-0.395359154681143,-0.0600221665762047
H2_M9,H2 sensitivity,Russia sensitivity: 2021 WEF score 70.8; Taiwan and Hong Kong remain uncovered,factor(release_period)2009,-0.116604076202447,0.165326455339904,-0.70529593078563,0.480631236756625,-0.440637974360329,0.207429821955435
H2_M9,H2 sensitivity,Russia sensitivity: 2021 WEF score 70.8; Taiwan and Hong Kong remain uncovered,factor(release_period)2010,0.599601089880302,0.17640847438477,3.39893586162133,0.00067731227030465,0.253846833518496,0.945355346242108
H2_M9,H2 sensitivity,Russia sensitivity: 2021 WEF score 70.8; Taiwan and Hong Kong remain uncovered,factor(release_period)2011,0.417369520416599,0.173884561435601,2.40026783844852,0.0163887667959262,0.0765620425352788,0.758176998297919
H2_M9,H2 sensitivity,Russia sensitivity: 2021 WEF score 70.8; Taiwan and Hong Kong remain uncovered,factor(release_period)2012,0.259514621292111,0.173965671964766,1.49175764598358,0.135772569247964,-0.0814518303051401,0.600481072889363
H2_M9,H2 sensitivity,Russia sensitivity: 2021 WEF score 70.8; Taiwan and Hong Kong remain uncovered,factor(release_period)2013,0.217562756324867,0.153625080672621,1.41619295086653,0.156728773148126,-0.0835368689155296,0.518662381565265
H2_M9,H2 sensitivity,Russia sensitivity: 2021 WEF score 70.8; Taiwan and Hong Kong remain uncovered,factor(release_period)2014,-0.252318624906127,0.129777667792117,-1.9442376273112,0.0518755722243752,-0.506678179776279,0.00204092996402616
H2_M9,H2 sensitivity,Russia sensitivity: 2021 WEF score 70.8; Taiwan and Hong Kong remain uncovered,factor(release_period)2015,-0.988775446563077,0.126367083450304,-7.82462821460881,0.00000000000000524801896324958,-1.23645037895704,-0.741100514169113
H2_M9,H2 sensitivity,Russia sensitivity: 2021 WEF score 70.8; Taiwan and Hong Kong remain uncovered,factor(release_period)2016,-1.45483666363771,0.126165861493605,-11.5311435788947,0.00000000000000000000000000000105737975364973,-1.70211720824364,-1.20755611903177
H2_M9,H2 sensitivity,Russia sensitivity: 2021 WEF score 70.8; Taiwan and Hong Kong remain uncovered,factor(release_period)2017,-1.7565069419702,0.128922187019177,-13.6245512318909,0.00000000000000000000000000000000000000000375471161059043,-2.00918978533593,-1.50382409860448
H2_M9,H2 sensitivity,Russia sensitivity: 2021 WEF score 70.8; Taiwan and Hong Kong remain uncovered,factor(release_period)2018,-1.7506029343841,0.135991263433349,-12.8729073485084,0.0000000000000000000000000000000000000794325654644831,-2.01714091292557,-1.48406495584264
H2_M9,H2 sensitivity,Russia sensitivity: 2021 WEF score 70.8; Taiwan and Hong Kong remain uncovered,factor(release_period)2019,-1.59167912484534,0.144791012065092,-10.9929414964638,0.000000000000000000000000000464025123442833,-1.87546429377802,-1.30789395591265
H2_M9,H2 sensitivity,Russia sensitivity: 2021 WEF score 70.8; Taiwan and Hong Kong remain uncovered,factor(release_period)2020,-1.52389304244507,0.143475800073485,-10.6212548852459,0.0000000000000000000000000262614032572348,-1.80510044324217,-1.24268564164797
H2_M9,H2 sensitivity,Russia sensitivity: 2021 WEF score 70.8; Taiwan and Hong Kong remain uncovered,factor(release_period)2021,-1.74083919963529,0.141675070043087,-12.2875478311453,0.000000000000000000000000000000000126534073061407,-2.01851723442693,-1.46316116484365
H2_M9,H2 sensitivity,Russia sensitivity: 2021 WEF score 70.8; Taiwan and Hong Kong remain uncovered,factor(release_period)2022,-1.56759178149844,0.143738038742763,-10.9058937718208,0.00000000000000000000000000120868514359706,-1.84931316064268,-1.2858704023542
H2_M9,H2 sensitivity,Russia sensitivity: 2021 WEF score 70.8; Taiwan and Hong Kong remain uncovered,factor(release_period)2023,-1.78036741113709,0.142884859363877,-12.4601544142835,0.0000000000000000000000000000000000148974405081393,-2.06041658942636,-1.50031823284782
H2_M9,H2 sensitivity,Russia sensitivity: 2021 WEF score 70.8; Taiwan and Hong Kong remain uncovered,factor(release_period)2024,-1.83105454414926,0.123855411257587,-14.783807389256,0.000000000000000000000000000000000000000000000000271291531538075,-2.07380668950453,-1.58830239879399
H2_M9,H2 sensitivity,Russia sensitivity: 2021 WEF score 70.8; Taiwan and Hong Kong remain uncovered,factor(release_period)2025,-1.30898608917737,0.12791379944023,-10.2333453849834,0.00000000000000000000000153401386293441,-1.5596925292059,-1.05827964914884
H2_M9,H2 sensitivity,Russia sensitivity: 2021 WEF score 70.8; Taiwan and Hong Kong remain uncovered,factor(release_period)2026,-1.44338168806095,0.289656715900438,-4.98307689353586,0.000000629078013089757,-2.01109841910596,-0.875664957015943
