term,H1_M1,H1_M2,H1_M3,H1_M4,H1_M5,H2_M1,H2_M2,H2_M3,H2_M4,H2_M5,H2_M6,H2_M7,H2_M8,H2_M9
genre_Action,"","",-0.1649 (0.0259),-0.1503 (0.0253),-0.1799 (0.0262),"","",-0.1154 (0.0535),-0.1524 (0.0499),-0.0480 (0.0515),0.1847 (0.0566),0.1915 (0.0560),0.1774 (0.0537),-0.2957 (0.0428)
genre_Adventure,"","",0.2449 (0.0257),0.2300 (0.0251),0.2666 (0.0259),"","",0.0443 (0.0544),0.0054 (0.0499),0.0010 (0.0519),0.1525 (0.0580),0.1414 (0.0567),0.1783 (0.0546),-0.0671 (0.0431)
genre_Other,"","",-0.9665 (0.0378),-0.8148 (0.0786),-0.9614 (0.0382),"","",0.0331 (0.1073),0.0635 (0.0998),-0.1488 (0.1045),0.1691 (0.1129),0.1930 (0.1107),0.0505 (0.1080),-0.2277 (0.0855)
genre_RPG,"","",0.7876 (0.0314),0.7024 (0.0440),0.7715 (0.0318),"","",-0.6566 (0.0591),-0.2824 (0.0534),-0.8362 (0.0562),0.3122 (0.0609),0.3541 (0.0608),0.3861 (0.0563),-0.5614 (0.0472)
genre_Racing,"","",-0.3379 (0.0627),-0.3211 (0.0598),-0.3237 (0.0634),"","",0.0847 (0.1442),-0.0124 (0.1399),0.1605 (0.1417),-0.0410 (0.1580),-0.0617 (0.1571),-0.0105 (0.1536),-0.0046 (0.1146)
genre_Simulation,"","",0.9267 (0.0300),0.8433 (0.0409),0.9545 (0.0304),"","",0.3159 (0.0619),0.2140 (0.0569),0.3333 (0.0599),-0.0856 (0.0659),-0.0616 (0.0646),-0.0270 (0.0626),0.2048 (0.0499)
genre_Sports,"","",0.0267 (0.0570),-0.0563 (0.0619),0.0099 (0.0577),"","",0.4507 (0.1241),0.2026 (0.1185),0.4274 (0.1246),0.0445 (0.1470),-0.0694 (0.1433),-0.0416 (0.1439),0.3652 (0.1072)
genre_Strategy,"","",0.0413 (0.0310),0.0309 (0.0302),0.0374 (0.0314),"","",0.1332 (0.0634),0.0922 (0.0583),0.0466 (0.0611),0.2976 (0.0661),0.2687 (0.0648),0.2526 (0.0621),0.0652 (0.0510)
is_early_access,"",0.2014 (0.0379),0.1831 (0.0369),0.0922 (0.0509),0.2033 (0.0374),"",0.2561 (0.0782),0.3852 (0.0801),0.3036 (0.0747),0.4531 (0.0771),0.3641 (0.0893),0.3085 (0.0873),0.3472 (0.0855),0.4522 (0.0646)
is_free,"",1.8213 (0.0869),1.7010 (0.0830),2.0797 (0.2327),"","",0.2620 (0.0660),0.4185 (0.0688),0.2842 (0.0665),0.4044 (0.0669),0.0682 (0.0715),0.0163 (0.0708),0.0177 (0.0687),0.3036 (0.0547)
lang_Dutch,"","","","","","","","",0.6891 (0.1045),"","",0.5693 (0.1197),"",""
lang_French,"","","","","","","","",0.4926 (0.1012),"","",0.6858 (0.1132),"",""
lang_German,"","","","","","","","",0.9235 (0.0991),"","",-0.3735 (0.1147),"",""
lang_Italian,"","","","","","","","",-0.1417 (0.0783),"","",-0.2119 (0.0898),"",""
lang_Japanese,"","","","","","","","",-1.8493 (0.0694),"","",-1.4929 (0.0797),"",""
lang_Korean,"","","","","","","","",0.6962 (0.0812),"","",0.4960 (0.0955),"",""
lang_Polish,"","","","","","","","",0.2663 (0.0783),"","",0.1628 (0.0885),"",""
lang_Portuguese,"","","","","","","","",0.2431 (0.0768),"","",0.2007 (0.0886),"",""
lang_Russian,"","","","","","","","",0.2623 (0.0719),"","",-0.0059 (0.0812),"",""
lang_Simplified_Chinese,"","","","","","","","",-2.0974 (0.0676),"","",-0.0698 (0.0708),"",""
lang_Spanish,"","","","","","","","",0.4329 (0.0944),"","",0.1887 (0.1075),"",""
lang_Traditional_Chinese,"","","","","","","","",-0.9783 (0.0733),"","",-0.1248 (0.0809),"",""
lang_Turkish,"","","","","","","","",-0.9216 (0.1265),"","",-2.2039 (0.1696),"",""
language_count,"","","","","","","","",-0.0003 (0.0042),"","",0.0031 (0.0055),"",""
price_current,"","","",0.0668 (0.0235),"","","","","","","","","",""
tag_female_protagonist,1.2356 (0.0379),1.2691 (0.0380),1.2126 (0.0358),1.0778 (0.0588),1.2303 (0.0359),-0.6497 (0.0724),-0.6093 (0.0730),-0.4662 (0.0731),-0.0237 (0.0653),-0.5764 (0.0697),-0.0202 (0.0730),0.1545 (0.0722),-0.0619 (0.0685),-0.2820 (0.0602)
